table,id,column,before,after
episode,971a49da-e107-4c5b-b878-3a7ddf09572f,cover_path,r2://ppp-media/covers/episode/971a49da-e107-4c5b-b878-3a7ddf09572f/f4b6460a7e6cc25798282a7506258ba9.jpg,r2://ppp-media/covers/episode/971a49da-e107-4c5b-b878-3a7ddf09572f/f4b6460a7e6cc25798282a7506258ba9.jpg
episode,0f1c69cc-af4a-496b-8ef8-fc183845bf33,cover_path,r2://ppp-media/covers/episode/0f1c69cc-af4a-496b-8ef8-fc183845bf33/8076e077a01066f38caf83c2bd819635.jpg,r2://ppp-media/covers/episode/0f1c69cc-af4a-496b-8ef8-fc183845bf33/8076e077a01066f38caf83c2bd819635.jpg
episode,52479553-2e2e-4b57-967d-4d05d62ef57d,cover_path,r2://ppp-media/covers/episode/52479553-2e2e-4b57-967d-4d05d62ef57d/4ef91047378a755081804cbc1a2e50f1.jpg,r2://ppp-media/covers/episode/52479553-2e2e-4b57-967d-4d05d62ef57d/4ef91047378a755081804cbc1a2e50f1.jpg
episode,056c9f62-2dc8-497e-b6da-4dca5faafe78,cover_path,r2://ppp-media/covers/episode/056c9f62-2dc8-497e-b6da-4dca5faafe78/670954df8c1314fe7bf725d9cabc95b4.jpg,r2://ppp-media/covers/episode/056c9f62-2dc8-497e-b6da-4dca5faafe78/670954df8c1314fe7bf725d9cabc95b4.jpg
episode,2c75b8ae-a7aa-4272-8333-4472925c3052,cover_path,r2://ppp-media/covers/episode/2c75b8ae-a7aa-4272-8333-4472925c3052/350d736ce67c5cb160e8856bd9d3a556.jpg,r2://ppp-media/covers/episode/2c75b8ae-a7aa-4272-8333-4472925c3052/350d736ce67c5cb160e8856bd9d3a556.jpg
episode,384aa750-0826-4c0f-915f-a8b037470739,cover_path,r2://ppp-media/covers/episode/384aa750-0826-4c0f-915f-a8b037470739/2860114bbf3aa999596375b4765ed26a.jpg,r2://ppp-media/covers/episode/384aa750-0826-4c0f-915f-a8b037470739/2860114bbf3aa999596375b4765ed26a.jpg
episode,85cbaf56-596d-4dbc-9ac2-8b611f719f27,cover_path,r2://ppp-media/covers/episode/85cbaf56-596d-4dbc-9ac2-8b611f719f27/1b6962ee194a0960d6041f2c710e1357.jpg,r2://ppp-media/covers/episode/85cbaf56-596d-4dbc-9ac2-8b611f719f27/1b6962ee194a0960d6041f2c710e1357.jpg
episode,2b958245-2bd8-4a7a-90f1-ecab6ef68986,cover_path,r2://ppp-media/covers/episode/2b958245-2bd8-4a7a-90f1-ecab6ef68986/6a818a1e32981267235ad2352bd31534.jpg,r2://ppp-media/covers/episode/2b958245-2bd8-4a7a-90f1-ecab6ef68986/6a818a1e32981267235ad2352bd31534.jpg
episode,ff40dda0-a872-4d35-9a6d-2380c07b4b9f,cover_path,r2://ppp-media/covers/episode/ff40dda0-a872-4d35-9a6d-2380c07b4b9f/7c6cea6ac9b0f2bdd9b79959de4de2b0.jpg,r2://ppp-media/covers/episode/ff40dda0-a872-4d35-9a6d-2380c07b4b9f/7c6cea6ac9b0f2bdd9b79959de4de2b0.jpg
episode,d4ccbad6-753c-4555-8c8c-2ce8ce27c3d1,cover_path,r2://ppp-media/covers/episode/d4ccbad6-753c-4555-8c8c-2ce8ce27c3d1/e862e6ec63b187b5aac0a21d701d6d8d.jpg,r2://ppp-media/covers/episode/d4ccbad6-753c-4555-8c8c-2ce8ce27c3d1/e862e6ec63b187b5aac0a21d701d6d8d.jpg
episode,5328c2c7-dd13-4e2c-8088-ca787140f083,cover_path,r2://ppp-media/covers/episode/5328c2c7-dd13-4e2c-8088-ca787140f083/ae06baab249e8f9e19e752aa984a6bc5.jpg,r2://ppp-media/covers/episode/5328c2c7-dd13-4e2c-8088-ca787140f083/ae06baab249e8f9e19e752aa984a6bc5.jpg
episode,57b267d0-6914-4745-aaad-4770448d1e34,cover_path,r2://ppp-media/covers/episode/57b267d0-6914-4745-aaad-4770448d1e34/cd8b0821df3c66f2ae8b8ec08e0ba4fa.jpg,r2://ppp-media/covers/episode/57b267d0-6914-4745-aaad-4770448d1e34/cd8b0821df3c66f2ae8b8ec08e0ba4fa.jpg
episode,0819c40f-2372-4c8a-921e-d2e00ca208fd,cover_path,r2://ppp-media/covers/episode/0819c40f-2372-4c8a-921e-d2e00ca208fd/ea8c5c7ab42d99e94656f9de25331ec1.jpg,r2://ppp-media/covers/episode/0819c40f-2372-4c8a-921e-d2e00ca208fd/ea8c5c7ab42d99e94656f9de25331ec1.jpg
episode,620e205e-e87c-477b-a549-67b44b615373,cover_path,r2://ppp-media/covers/episode/620e205e-e87c-477b-a549-67b44b615373/05a56615335795e802c6cde75e281dfc.jpg,r2://ppp-media/covers/episode/620e205e-e87c-477b-a549-67b44b615373/05a56615335795e802c6cde75e281dfc.jpg
episode,749053f8-823c-4a52-ac2c-e62bb79c2f3d,cover_path,r2://ppp-media/covers/episode/749053f8-823c-4a52-ac2c-e62bb79c2f3d/cd8fec8ccf29ed876421f158b01c82c5.jpg,r2://ppp-media/covers/episode/749053f8-823c-4a52-ac2c-e62bb79c2f3d/cd8fec8ccf29ed876421f158b01c82c5.jpg
episode,a799880f-9523-4ecc-b577-d9c56a521021,cover_path,r2://ppp-media/covers/episode/a799880f-9523-4ecc-b577-d9c56a521021/b303ef18107793c3db162391b9bd9175.jpg,r2://ppp-media/covers/episode/a799880f-9523-4ecc-b577-d9c56a521021/b303ef18107793c3db162391b9bd9175.jpg
episode,60ba9768-cba1-4c01-be7b-ec43a033a3de,cover_path,r2://ppp-media/covers/episode/60ba9768-cba1-4c01-be7b-ec43a033a3de/55a0395314f6f135ced834b387aa7533.jpg,r2://ppp-media/covers/episode/60ba9768-cba1-4c01-be7b-ec43a033a3de/55a0395314f6f135ced834b387aa7533.jpg
episode,54766465-33f9-4fe2-a43c-d30199d9c8fd,cover_path,r2://ppp-media/covers/episode/54766465-33f9-4fe2-a43c-d30199d9c8fd/40cf4658a51be404fd15192fff660c66.jpg,r2://ppp-media/covers/episode/54766465-33f9-4fe2-a43c-d30199d9c8fd/40cf4658a51be404fd15192fff660c66.jpg
episode,79cde2a9-1cdb-4299-88d3-86c5814e7498,cover_path,r2://ppp-media/covers/episode/79cde2a9-1cdb-4299-88d3-86c5814e7498/1aa430232fa8e9ade5af7cbe419798a9.jpg,r2://ppp-media/covers/episode/79cde2a9-1cdb-4299-88d3-86c5814e7498/1aa430232fa8e9ade5af7cbe419798a9.jpg
episode,820aefc9-ccb9-4787-88ae-4eec93ef19be,cover_path,r2://ppp-media/covers/episode/820aefc9-ccb9-4787-88ae-4eec93ef19be/5e72b1f6bcf178543bbe9af2c88c4833.jpg,r2://ppp-media/covers/episode/820aefc9-ccb9-4787-88ae-4eec93ef19be/5e72b1f6bcf178543bbe9af2c88c4833.jpg
episode,eb2f407c-a194-41f6-8400-80c93dcf4704,cover_path,r2://ppp-media/covers/episode/eb2f407c-a194-41f6-8400-80c93dcf4704/c503dc8c3f1834605788a313f665b3ff.jpg,r2://ppp-media/covers/episode/eb2f407c-a194-41f6-8400-80c93dcf4704/c503dc8c3f1834605788a313f665b3ff.jpg
episode,8d8e6423-ca59-4273-bfee-7d0f5cadf9f4,cover_path,r2://ppp-media/covers/episode/8d8e6423-ca59-4273-bfee-7d0f5cadf9f4/3fd235c377ccaa6319374d7253f8e9da.jpg,r2://ppp-media/covers/episode/8d8e6423-ca59-4273-bfee-7d0f5cadf9f4/3fd235c377ccaa6319374d7253f8e9da.jpg
episode,bcbe5bd7-5c1f-4b44-b068-a9faa9037470,cover_path,r2://ppp-media/covers/episode/bcbe5bd7-5c1f-4b44-b068-a9faa9037470/b6abac20112d078e9f951017e83a37db.jpg,r2://ppp-media/covers/episode/bcbe5bd7-5c1f-4b44-b068-a9faa9037470/b6abac20112d078e9f951017e83a37db.jpg
episode,ebc68b19-2e81-4133-abed-78eb29c1e99b,cover_path,r2://ppp-media/covers/episode/ebc68b19-2e81-4133-abed-78eb29c1e99b/7758111fdfd9dd8e1fa1ad627781e989.jpg,r2://ppp-media/covers/episode/ebc68b19-2e81-4133-abed-78eb29c1e99b/7758111fdfd9dd8e1fa1ad627781e989.jpg
episode,2c84c2e9-d6c4-483d-98ce-4e257b540442,cover_path,r2://ppp-media/covers/episode/2c84c2e9-d6c4-483d-98ce-4e257b540442/c92d53a765392f4f85f746590c61842b.jpg,r2://ppp-media/covers/episode/2c84c2e9-d6c4-483d-98ce-4e257b540442/c92d53a765392f4f85f746590c61842b.jpg
episode,453294c8-d65a-44bf-a28f-044813f7d0d9,cover_path,r2://ppp-media/covers/episode/453294c8-d65a-44bf-a28f-044813f7d0d9/15b666e3d062b126bbbaa1435f5b2048.jpg,r2://ppp-media/covers/episode/453294c8-d65a-44bf-a28f-044813f7d0d9/15b666e3d062b126bbbaa1435f5b2048.jpg
episode,e7707617-5dfe-4fd8-9a58-41664310464d,cover_path,r2://ppp-media/covers/episode/e7707617-5dfe-4fd8-9a58-41664310464d/56f8046e98f67284a220b4b85059877a.jpg,r2://ppp-media/covers/episode/e7707617-5dfe-4fd8-9a58-41664310464d/56f8046e98f67284a220b4b85059877a.jpg
episode,643d9d82-8d36-4d8c-b61d-2f79dd824726,cover_path,r2://ppp-media/covers/episode/643d9d82-8d36-4d8c-b61d-2f79dd824726/efaab80983f49381d55d6bc570df2760.jpg,r2://ppp-media/covers/episode/643d9d82-8d36-4d8c-b61d-2f79dd824726/efaab80983f49381d55d6bc570df2760.jpg
episode,f613b2fe-3823-463d-bb98-001a9075492b,cover_path,r2://ppp-media/covers/episode/f613b2fe-3823-463d-bb98-001a9075492b/2c60f49d1b4cf07c407e80216d76486c.jpg,r2://ppp-media/covers/episode/f613b2fe-3823-463d-bb98-001a9075492b/2c60f49d1b4cf07c407e80216d76486c.jpg
episode,44650531-b671-42e8-95ae-a573480cac8b,cover_path,r2://ppp-media/covers/episode/44650531-b671-42e8-95ae-a573480cac8b/130d28c321b8d361a75c2ef0ef74b770.jpg,r2://ppp-media/covers/episode/44650531-b671-42e8-95ae-a573480cac8b/130d28c321b8d361a75c2ef0ef74b770.jpg
episode,2e8ec5c1-4264-4385-bd5c-505f4632fd86,cover_path,r2://ppp-media/covers/episode/2e8ec5c1-4264-4385-bd5c-505f4632fd86/2d3ac63f03d2efdbf9e5d370ea47e04f.jpg,r2://ppp-media/covers/episode/2e8ec5c1-4264-4385-bd5c-505f4632fd86/2d3ac63f03d2efdbf9e5d370ea47e04f.jpg
episode,788073dc-14bd-46c6-9f60-e6a352e1dbd6,cover_path,r2://ppp-media/covers/episode/788073dc-14bd-46c6-9f60-e6a352e1dbd6/6f93b5bbaf83b9cff2f9893badcd1ccb.jpg,r2://ppp-media/covers/episode/788073dc-14bd-46c6-9f60-e6a352e1dbd6/6f93b5bbaf83b9cff2f9893badcd1ccb.jpg
episode,f39895b5-2d9f-43af-8d7d-33c6d274f07d,cover_path,r2://ppp-media/covers/episode/f39895b5-2d9f-43af-8d7d-33c6d274f07d/a322d368065b88d3cfdc6daa1b5d6e14.jpg,r2://ppp-media/covers/episode/f39895b5-2d9f-43af-8d7d-33c6d274f07d/a322d368065b88d3cfdc6daa1b5d6e14.jpg
episode,fff2dd30-3ddf-45c7-a122-a00f77efeb13,cover_path,r2://ppp-media/covers/episode/fff2dd30-3ddf-45c7-a122-a00f77efeb13/88edb057826a7d4b413816b3a1f0e06c.jpg,r2://ppp-media/covers/episode/fff2dd30-3ddf-45c7-a122-a00f77efeb13/88edb057826a7d4b413816b3a1f0e06c.jpg
episode,d0c12627-2fd7-48ae-b7ad-6d2860e536ea,cover_path,r2://ppp-media/covers/episode/d0c12627-2fd7-48ae-b7ad-6d2860e536ea/6efa877a8faf3eb3f3b5c67fc59e19d0.jpg,r2://ppp-media/covers/episode/d0c12627-2fd7-48ae-b7ad-6d2860e536ea/6efa877a8faf3eb3f3b5c67fc59e19d0.jpg
episode,108d58b5-2a9b-4ae8-9d40-a72ff81ecd8b,cover_path,r2://ppp-media/covers/episode/108d58b5-2a9b-4ae8-9d40-a72ff81ecd8b/04d1a8a7b5760f6bfc942b789fd1de4b.jpg,r2://ppp-media/covers/episode/108d58b5-2a9b-4ae8-9d40-a72ff81ecd8b/04d1a8a7b5760f6bfc942b789fd1de4b.jpg
episode,81288f1c-2372-46b4-9e64-6cae88a66e01,cover_path,r2://ppp-media/covers/episode/81288f1c-2372-46b4-9e64-6cae88a66e01/f7d42fa4f024cee51f8ba6687cae3036.jpg,r2://ppp-media/covers/episode/81288f1c-2372-46b4-9e64-6cae88a66e01/f7d42fa4f024cee51f8ba6687cae3036.jpg
episode,12514866-3cf3-442a-bc4b-c2ccf894cd71,cover_path,r2://ppp-media/covers/episode/12514866-3cf3-442a-bc4b-c2ccf894cd71/b42991ab54387e4cf17af13baaeda22a.jpg,r2://ppp-media/covers/episode/12514866-3cf3-442a-bc4b-c2ccf894cd71/b42991ab54387e4cf17af13baaeda22a.jpg
episode,e0814362-3044-4727-ba49-f1167b5a5cd4,cover_path,r2://ppp-media/covers/episode/e0814362-3044-4727-ba49-f1167b5a5cd4/5b00b127f6fc7f6c590384f4ad300095.jpg,r2://ppp-media/covers/episode/e0814362-3044-4727-ba49-f1167b5a5cd4/5b00b127f6fc7f6c590384f4ad300095.jpg
episode,e981e1fe-49ee-4db6-b743-a068ef4bf9ef,cover_path,r2://ppp-media/covers/episode/e981e1fe-49ee-4db6-b743-a068ef4bf9ef/19c5e7f0a0bd0975e620278b885fdc9a.jpg,r2://ppp-media/covers/episode/e981e1fe-49ee-4db6-b743-a068ef4bf9ef/19c5e7f0a0bd0975e620278b885fdc9a.jpg
episode,1c04619c-ba9a-4398-9ff8-fb2d6f0bfc19,cover_path,r2://ppp-media/covers/episode/1c04619c-ba9a-4398-9ff8-fb2d6f0bfc19/c9c23905b42ff0f1b54318d125371093.jpg,r2://ppp-media/covers/episode/1c04619c-ba9a-4398-9ff8-fb2d6f0bfc19/c9c23905b42ff0f1b54318d125371093.jpg
episode,259c8237-2abb-4555-b24d-d4c86d2468be,cover_path,r2://ppp-media/covers/episode/259c8237-2abb-4555-b24d-d4c86d2468be/0d8aac9da7beab5edaab5875d224bb4e.jpg,r2://ppp-media/covers/episode/259c8237-2abb-4555-b24d-d4c86d2468be/0d8aac9da7beab5edaab5875d224bb4e.jpg
episode,255a6c0c-317a-4441-b7ec-18b0bbf23b41,cover_path,r2://ppp-media/covers/episode/255a6c0c-317a-4441-b7ec-18b0bbf23b41/08cb5692bfd70cd766154dd752f93ac2.jpg,r2://ppp-media/covers/episode/255a6c0c-317a-4441-b7ec-18b0bbf23b41/08cb5692bfd70cd766154dd752f93ac2.jpg
episode,03f168c6-2560-45dd-92dd-37709ae17be5,cover_path,r2://ppp-media/covers/episode/03f168c6-2560-45dd-92dd-37709ae17be5/db0e013c3f40e2f7f80616382bc671a7.jpg,r2://ppp-media/covers/episode/03f168c6-2560-45dd-92dd-37709ae17be5/db0e013c3f40e2f7f80616382bc671a7.jpg
episode,6dd0f7e4-7921-4b56-b5ae-0dc2b7163757,cover_path,r2://ppp-media/covers/episode/6dd0f7e4-7921-4b56-b5ae-0dc2b7163757/3181c94403dc880107c3b738cdaed354.jpg,r2://ppp-media/covers/episode/6dd0f7e4-7921-4b56-b5ae-0dc2b7163757/3181c94403dc880107c3b738cdaed354.jpg
episode,06f65383-9e41-49fe-a800-1b53e3bd1531,cover_path,r2://ppp-media/covers/episode/06f65383-9e41-49fe-a800-1b53e3bd1531/6b4051ae9d9cee10892c98640eda040a.jpg,r2://ppp-media/covers/episode/06f65383-9e41-49fe-a800-1b53e3bd1531/6b4051ae9d9cee10892c98640eda040a.jpg
episode,f38f3d59-a7ec-480d-804a-17c7d88aefeb,cover_path,r2://ppp-media/covers/episode/f38f3d59-a7ec-480d-804a-17c7d88aefeb/da3e8c5559daac2f77d14343fa718bf0.jpg,r2://ppp-media/covers/episode/f38f3d59-a7ec-480d-804a-17c7d88aefeb/da3e8c5559daac2f77d14343fa718bf0.jpg
episode,3855b6d7-e507-4341-a042-72d03641c59c,cover_path,r2://ppp-media/covers/episode/3855b6d7-e507-4341-a042-72d03641c59c/a388e683b72ad4fcb242f4f6c73ad0a6.jpg,r2://ppp-media/covers/episode/3855b6d7-e507-4341-a042-72d03641c59c/a388e683b72ad4fcb242f4f6c73ad0a6.jpg
episode,053cb154-a214-4c13-a1bb-3efe11919a1c,cover_path,r2://ppp-media/covers/episode/053cb154-a214-4c13-a1bb-3efe11919a1c/78602c368566d540285f37bb8ad2e1c5.jpg,r2://ppp-media/covers/episode/053cb154-a214-4c13-a1bb-3efe11919a1c/78602c368566d540285f37bb8ad2e1c5.jpg
episode,23233120-37e5-442b-8e78-bbdc583e9bde,cover_path,r2://ppp-media/covers/episode/23233120-37e5-442b-8e78-bbdc583e9bde/bb75ea658235499d65ff3cdcd359f2e3.jpg,r2://ppp-media/covers/episode/23233120-37e5-442b-8e78-bbdc583e9bde/bb75ea658235499d65ff3cdcd359f2e3.jpg
episode,60e620df-6467-4739-a5bf-1d397eb9fa7e,cover_path,r2://ppp-media/covers/episode/60e620df-6467-4739-a5bf-1d397eb9fa7e/a8a55921a90ad90507691a72e423473d.jpg,r2://ppp-media/covers/episode/60e620df-6467-4739-a5bf-1d397eb9fa7e/a8a55921a90ad90507691a72e423473d.jpg
episode,480d2183-86a3-471c-919d-11fbfe3b562c,cover_path,r2://ppp-media/covers/episode/480d2183-86a3-471c-919d-11fbfe3b562c/b7f8f63279a935f915460db2e54b6027.jpg,r2://ppp-media/covers/episode/480d2183-86a3-471c-919d-11fbfe3b562c/b7f8f63279a935f915460db2e54b6027.jpg
episode,9e4bffb5-c40b-49d2-a725-2f1bbf5a6701,cover_path,r2://ppp-media/covers/episode/9e4bffb5-c40b-49d2-a725-2f1bbf5a6701/56e8e7d23eef42c771c7d1aa6504722c.jpg,r2://ppp-media/covers/episode/9e4bffb5-c40b-49d2-a725-2f1bbf5a6701/56e8e7d23eef42c771c7d1aa6504722c.jpg
episode,4be6d9a2-0362-407e-930b-a60dc9f62747,cover_path,r2://ppp-media/covers/episode/4be6d9a2-0362-407e-930b-a60dc9f62747/08065223abea3c7d8f8eeaf2d58ca360.jpg,r2://ppp-media/covers/episode/4be6d9a2-0362-407e-930b-a60dc9f62747/08065223abea3c7d8f8eeaf2d58ca360.jpg
episode,3bd7c5fb-0f77-4cb3-8493-74266c91c675,cover_path,r2://ppp-media/covers/episode/3bd7c5fb-0f77-4cb3-8493-74266c91c675/7064e72e35353a77c31d5386f4f952a0.jpg,r2://ppp-media/covers/episode/3bd7c5fb-0f77-4cb3-8493-74266c91c675/7064e72e35353a77c31d5386f4f952a0.jpg
episode,cbb25ed6-2897-42a6-b392-35172b077fda,cover_path,r2://ppp-media/covers/episode/cbb25ed6-2897-42a6-b392-35172b077fda/98f408081e92c7004566e435a4e8ad3e.jpg,r2://ppp-media/covers/episode/cbb25ed6-2897-42a6-b392-35172b077fda/98f408081e92c7004566e435a4e8ad3e.jpg
episode,6e1d1fb3-26fb-418b-8766-e89be9f1af0b,cover_path,r2://ppp-media/covers/episode/6e1d1fb3-26fb-418b-8766-e89be9f1af0b/2be75d9e39fa2582a82af9a221108cbf.jpg,r2://ppp-media/covers/episode/6e1d1fb3-26fb-418b-8766-e89be9f1af0b/2be75d9e39fa2582a82af9a221108cbf.jpg
episode,10744eee-5380-41ac-a250-670685ab49e6,cover_path,r2://ppp-media/covers/episode/10744eee-5380-41ac-a250-670685ab49e6/c02b7f8c22d709582a1e21b048083cd2.jpg,r2://ppp-media/covers/episode/10744eee-5380-41ac-a250-670685ab49e6/c02b7f8c22d709582a1e21b048083cd2.jpg
episode,40686e6f-c2ee-42c3-b315-a209fe8252c5,cover_path,r2://ppp-media/covers/episode/40686e6f-c2ee-42c3-b315-a209fe8252c5/93e85f302a45d0cc231afcc748d57aa2.jpg,r2://ppp-media/covers/episode/40686e6f-c2ee-42c3-b315-a209fe8252c5/93e85f302a45d0cc231afcc748d57aa2.jpg
episode,4cff097c-a593-435b-af8b-181e0c441c3e,cover_path,r2://ppp-media/covers/episode/4cff097c-a593-435b-af8b-181e0c441c3e/0fc9da3669b06503443fbc8abe53de9a.jpg,r2://ppp-media/covers/episode/4cff097c-a593-435b-af8b-181e0c441c3e/0fc9da3669b06503443fbc8abe53de9a.jpg
episode,64aad2fc-3c28-4458-8df9-6b3bd038ee95,cover_path,r2://ppp-media/covers/episode/64aad2fc-3c28-4458-8df9-6b3bd038ee95/91b2df4727f2e4cf45b463272ea838e9.jpg,r2://ppp-media/covers/episode/64aad2fc-3c28-4458-8df9-6b3bd038ee95/91b2df4727f2e4cf45b463272ea838e9.jpg
episode,7719ecbe-b99f-4504-a2cb-b088dcc42a70,cover_path,r2://ppp-media/covers/episode/7719ecbe-b99f-4504-a2cb-b088dcc42a70/d2535a295649b71bde1458253849f86b.jpg,r2://ppp-media/covers/episode/7719ecbe-b99f-4504-a2cb-b088dcc42a70/d2535a295649b71bde1458253849f86b.jpg
episode,2a142884-22bf-4ac2-b41d-918511881464,cover_path,r2://ppp-media/covers/episode/2a142884-22bf-4ac2-b41d-918511881464/ec911be285c38d4cb943256cfc0b0093.jpg,r2://ppp-media/covers/episode/2a142884-22bf-4ac2-b41d-918511881464/ec911be285c38d4cb943256cfc0b0093.jpg
episode,ebe33cfd-e97a-4375-8af0-0708b525d0c7,cover_path,r2://ppp-media/covers/episode/ebe33cfd-e97a-4375-8af0-0708b525d0c7/988dcc15f917cb1e7f14b3926b7660cf.jpg,r2://ppp-media/covers/episode/ebe33cfd-e97a-4375-8af0-0708b525d0c7/988dcc15f917cb1e7f14b3926b7660cf.jpg
episode,7a341cb9-ff07-424b-9d1e-845147690549,cover_path,r2://ppp-media/covers/episode/7a341cb9-ff07-424b-9d1e-845147690549/4c5dd47cdc604cec806d3c1e43a84f56.jpg,r2://ppp-media/covers/episode/7a341cb9-ff07-424b-9d1e-845147690549/4c5dd47cdc604cec806d3c1e43a84f56.jpg
episode,2ed4728d-2caa-426a-bf50-6c249631e478,cover_path,r2://ppp-media/covers/episode/2ed4728d-2caa-426a-bf50-6c249631e478/466f5e8d772286c3ca1b694ee1b756bc.jpg,r2://ppp-media/covers/episode/2ed4728d-2caa-426a-bf50-6c249631e478/466f5e8d772286c3ca1b694ee1b756bc.jpg
episode,33ebad93-a7a6-4bbc-87b7-8420327c723d,cover_path,r2://ppp-media/covers/episode/33ebad93-a7a6-4bbc-87b7-8420327c723d/0ffec243fd9548c5a7fd171f6f214842.jpg,r2://ppp-media/covers/episode/33ebad93-a7a6-4bbc-87b7-8420327c723d/0ffec243fd9548c5a7fd171f6f214842.jpg
episode,359a0428-e281-4227-b807-09b742d2fed2,cover_path,r2://ppp-media/covers/episode/359a0428-e281-4227-b807-09b742d2fed2/9a125256dee14edca99828cf9b3ecdbd.jpg,r2://ppp-media/covers/episode/359a0428-e281-4227-b807-09b742d2fed2/9a125256dee14edca99828cf9b3ecdbd.jpg
episode,537783ce-00fd-48a5-a04f-029e4ee5884d,cover_path,r2://ppp-media/covers/episode/537783ce-00fd-48a5-a04f-029e4ee5884d/1aae57503dc0066097a3c1f588aab1d9.jpg,r2://ppp-media/covers/episode/537783ce-00fd-48a5-a04f-029e4ee5884d/1aae57503dc0066097a3c1f588aab1d9.jpg
episode,e2a8a2b4-d994-4b16-8d60-fcf5cdfd706f,cover_path,r2://ppp-media/covers/episode/e2a8a2b4-d994-4b16-8d60-fcf5cdfd706f/b2c622ea010ebc266d01ff3486e13ca9.jpg,r2://ppp-media/covers/episode/e2a8a2b4-d994-4b16-8d60-fcf5cdfd706f/b2c622ea010ebc266d01ff3486e13ca9.jpg
episode,3cf8c26e-c35c-4a4c-87ea-7dbad4b3a49b,cover_path,r2://ppp-media/covers/episode/3cf8c26e-c35c-4a4c-87ea-7dbad4b3a49b/2d008b27f8d48a77acad71962c43c390.jpg,r2://ppp-media/covers/episode/3cf8c26e-c35c-4a4c-87ea-7dbad4b3a49b/2d008b27f8d48a77acad71962c43c390.jpg
episode,80985d9a-2151-4c26-a58a-d18c0d4da660,cover_path,r2://ppp-media/covers/episode/80985d9a-2151-4c26-a58a-d18c0d4da660/550658ac4a99c7ba097021306e298933.jpg,r2://ppp-media/covers/episode/80985d9a-2151-4c26-a58a-d18c0d4da660/550658ac4a99c7ba097021306e298933.jpg
episode,489159e6-04af-428f-bbc6-1498bbf6424b,cover_path,r2://ppp-media/covers/episode/489159e6-04af-428f-bbc6-1498bbf6424b/4f6d6404bab1068d3b3ac8fefe5acd1b.jpg,r2://ppp-media/covers/episode/489159e6-04af-428f-bbc6-1498bbf6424b/4f6d6404bab1068d3b3ac8fefe5acd1b.jpg
episode,185e2da7-bb48-461e-942b-3cac397d9c10,cover_path,r2://ppp-media/covers/episode/185e2da7-bb48-461e-942b-3cac397d9c10/211f99c6dc1f4d27133c2a4c05b89be8.jpg,r2://ppp-media/covers/episode/185e2da7-bb48-461e-942b-3cac397d9c10/211f99c6dc1f4d27133c2a4c05b89be8.jpg
episode,9e62bdb0-93aa-4017-8ea8-789408e221b5,cover_path,r2://ppp-media/covers/episode/9e62bdb0-93aa-4017-8ea8-789408e221b5/403aba2b150654957fe8761e5811322c.jpg,r2://ppp-media/covers/episode/9e62bdb0-93aa-4017-8ea8-789408e221b5/403aba2b150654957fe8761e5811322c.jpg
episode,80cc6660-e70d-4fd1-9181-1b15dbd9cc37,cover_path,r2://ppp-media/covers/episode/80cc6660-e70d-4fd1-9181-1b15dbd9cc37/419423abe275001f1fc11e1fcb724d38.jpg,r2://ppp-media/covers/episode/80cc6660-e70d-4fd1-9181-1b15dbd9cc37/419423abe275001f1fc11e1fcb724d38.jpg
episode,3f1a3d4c-a66d-4242-9823-07e4739e3972,cover_path,r2://ppp-media/covers/episode/3f1a3d4c-a66d-4242-9823-07e4739e3972/58358b925ac80fdb49c88095b489c5ca.jpg,r2://ppp-media/covers/episode/3f1a3d4c-a66d-4242-9823-07e4739e3972/58358b925ac80fdb49c88095b489c5ca.jpg
episode,860cdd59-ab5f-4cff-a280-4cd0586ac55c,cover_path,r2://ppp-media/covers/episode/860cdd59-ab5f-4cff-a280-4cd0586ac55c/69385b5b658b81b3c764c0985855d6ed.jpg,r2://ppp-media/covers/episode/860cdd59-ab5f-4cff-a280-4cd0586ac55c/69385b5b658b81b3c764c0985855d6ed.jpg
episode,1a80acd5-7825-4650-a843-ae5629470482,cover_path,r2://ppp-media/covers/episode/1a80acd5-7825-4650-a843-ae5629470482/2d4362ffe2335eb74a874a3339336160.jpg,r2://ppp-media/covers/episode/1a80acd5-7825-4650-a843-ae5629470482/2d4362ffe2335eb74a874a3339336160.jpg
episode,5531958c-ebcd-4ce7-8e73-8bac6c5988bb,cover_path,r2://ppp-media/covers/episode/5531958c-ebcd-4ce7-8e73-8bac6c5988bb/3c72bb015b3c242d16e6764c3a42886d.jpg,r2://ppp-media/covers/episode/5531958c-ebcd-4ce7-8e73-8bac6c5988bb/3c72bb015b3c242d16e6764c3a42886d.jpg
episode,3bd6ceb7-9b6b-432d-969b-e36f511ca572,cover_path,r2://ppp-media/covers/episode/3bd6ceb7-9b6b-432d-969b-e36f511ca572/9d2a53ca4dfa9ba4070afd3fbaafed7e.jpg,r2://ppp-media/covers/episode/3bd6ceb7-9b6b-432d-969b-e36f511ca572/9d2a53ca4dfa9ba4070afd3fbaafed7e.jpg
episode,473f5a11-24a4-48a3-81f0-f0d8b6c4256a,cover_path,r2://ppp-media/covers/episode/473f5a11-24a4-48a3-81f0-f0d8b6c4256a/a5ee05ddcf74e96d996b49bbdede72b1.jpg,r2://ppp-media/covers/episode/473f5a11-24a4-48a3-81f0-f0d8b6c4256a/a5ee05ddcf74e96d996b49bbdede72b1.jpg
episode,89ceb1a7-2676-4e67-9c8d-18b6d00cc613,cover_path,r2://ppp-media/covers/episode/89ceb1a7-2676-4e67-9c8d-18b6d00cc613/8f6194fce4b274cbf32c5b86ee2f4e23.jpg,r2://ppp-media/covers/episode/89ceb1a7-2676-4e67-9c8d-18b6d00cc613/8f6194fce4b274cbf32c5b86ee2f4e23.jpg
episode,b1652c77-c247-4cc6-b6cb-b9d154841d3f,cover_path,r2://ppp-media/covers/episode/b1652c77-c247-4cc6-b6cb-b9d154841d3f/50bff395e57f954e8c55485c15ef84ea.jpg,r2://ppp-media/covers/episode/b1652c77-c247-4cc6-b6cb-b9d154841d3f/50bff395e57f954e8c55485c15ef84ea.jpg
episode,f7b3395c-afe4-452a-b287-fcdcbdb7b368,cover_path,r2://ppp-media/covers/episode/f7b3395c-afe4-452a-b287-fcdcbdb7b368/697c88808deea39530d3d7d073e419d5.jpg,r2://ppp-media/covers/episode/f7b3395c-afe4-452a-b287-fcdcbdb7b368/697c88808deea39530d3d7d073e419d5.jpg
episode,978f8bd5-d510-4eb7-b4ac-7b38e42f5a34,cover_path,r2://ppp-media/covers/episode/978f8bd5-d510-4eb7-b4ac-7b38e42f5a34/0bbe401e32e5ee8d5c42139f1b9ac92e.jpg,r2://ppp-media/covers/episode/978f8bd5-d510-4eb7-b4ac-7b38e42f5a34/0bbe401e32e5ee8d5c42139f1b9ac92e.jpg
episode,4995c781-d3e8-4299-98ad-1996a1717f5a,cover_path,r2://ppp-media/covers/episode/4995c781-d3e8-4299-98ad-1996a1717f5a/8764c2960dee10a0f0af4159b642f42e.jpg,r2://ppp-media/covers/episode/4995c781-d3e8-4299-98ad-1996a1717f5a/8764c2960dee10a0f0af4159b642f42e.jpg
episode,92a59d46-523c-472f-a9fe-c440d5d74b7a,cover_path,r2://ppp-media/covers/episode/92a59d46-523c-472f-a9fe-c440d5d74b7a/7c357c3bc45ca8ff7fe573244c47f700.jpg,r2://ppp-media/covers/episode/92a59d46-523c-472f-a9fe-c440d5d74b7a/7c357c3bc45ca8ff7fe573244c47f700.jpg
episode,d0b64bd1-e40b-48af-9287-a22e21734cfa,cover_path,r2://ppp-media/covers/episode/d0b64bd1-e40b-48af-9287-a22e21734cfa/adc91f7f95c06eef3eac5c40d14f2975.jpg,r2://ppp-media/covers/episode/d0b64bd1-e40b-48af-9287-a22e21734cfa/adc91f7f95c06eef3eac5c40d14f2975.jpg
episode,172b1973-859e-4e94-8e25-73eec74a4a40,cover_path,r2://ppp-media/covers/episode/172b1973-859e-4e94-8e25-73eec74a4a40/5a6722f14c189193c4504328b0cce3fd.jpg,r2://ppp-media/covers/episode/172b1973-859e-4e94-8e25-73eec74a4a40/5a6722f14c189193c4504328b0cce3fd.jpg
episode,d011c285-a38e-49f1-a44a-3865e4ced3b6,cover_path,r2://ppp-media/covers/episode/d011c285-a38e-49f1-a44a-3865e4ced3b6/d98bfed8df9c77d12c4d628fb7d065e8.jpg,r2://ppp-media/covers/episode/d011c285-a38e-49f1-a44a-3865e4ced3b6/d98bfed8df9c77d12c4d628fb7d065e8.jpg
episode,56fa6ab1-af43-4279-a6fb-3847845c4cd7,cover_path,r2://ppp-media/covers/episode/56fa6ab1-af43-4279-a6fb-3847845c4cd7/ea71e3b8471d65188d3518cd3c95e6a6.jpg,r2://ppp-media/covers/episode/56fa6ab1-af43-4279-a6fb-3847845c4cd7/ea71e3b8471d65188d3518cd3c95e6a6.jpg
episode,ef83b9be-306d-4bcd-acbf-427200cf5206,cover_path,r2://ppp-media/covers/episode/ef83b9be-306d-4bcd-acbf-427200cf5206/74ab247a09492ad00458126b4acd744c.jpg,r2://ppp-media/covers/episode/ef83b9be-306d-4bcd-acbf-427200cf5206/74ab247a09492ad00458126b4acd744c.jpg
episode,5f6c761e-0cbe-450b-a4bf-e6e7623e898d,cover_path,r2://ppp-media/covers/episode/5f6c761e-0cbe-450b-a4bf-e6e7623e898d/2533e9b75b6cba28a40db9f00b1f16dc.jpg,r2://ppp-media/covers/episode/5f6c761e-0cbe-450b-a4bf-e6e7623e898d/2533e9b75b6cba28a40db9f00b1f16dc.jpg
episode,e8bf9892-e3a9-4978-aec3-aebfac1ff158,cover_path,r2://ppp-media/covers/episode/e8bf9892-e3a9-4978-aec3-aebfac1ff158/a498c3d30f4adb17bcb5f8abf6ba3d9a.jpg,r2://ppp-media/covers/episode/e8bf9892-e3a9-4978-aec3-aebfac1ff158/a498c3d30f4adb17bcb5f8abf6ba3d9a.jpg
episode,7c15e590-7c46-4515-9670-4dcdfd6f5436,cover_path,r2://ppp-media/covers/episode/7c15e590-7c46-4515-9670-4dcdfd6f5436/092478d153731f482e94271102662504.jpg,r2://ppp-media/covers/episode/7c15e590-7c46-4515-9670-4dcdfd6f5436/092478d153731f482e94271102662504.jpg
episode,bc4a7cb0-404e-40da-95e2-34482ddeac69,cover_path,r2://ppp-media/covers/episode/bc4a7cb0-404e-40da-95e2-34482ddeac69/dfd018c5d4d17aadfc39926a9d43e2b2.jpg,r2://ppp-media/covers/episode/bc4a7cb0-404e-40da-95e2-34482ddeac69/dfd018c5d4d17aadfc39926a9d43e2b2.jpg
episode,55bbfe32-0808-4e50-8e2d-7f8a9ba6aa0a,cover_path,r2://ppp-media/covers/episode/55bbfe32-0808-4e50-8e2d-7f8a9ba6aa0a/55301f5769118001be779f62f53aa794.jpg,r2://ppp-media/covers/episode/55bbfe32-0808-4e50-8e2d-7f8a9ba6aa0a/55301f5769118001be779f62f53aa794.jpg
episode,576e5f9a-176f-442c-91ac-c9fcb216ad80,cover_path,r2://ppp-media/covers/episode/576e5f9a-176f-442c-91ac-c9fcb216ad80/20ff1e22e17fe4ba16929bcab7401b94.jpg,r2://ppp-media/covers/episode/576e5f9a-176f-442c-91ac-c9fcb216ad80/20ff1e22e17fe4ba16929bcab7401b94.jpg
episode,639b5482-f17f-4413-b426-cdec985e44a1,cover_path,r2://ppp-media/covers/episode/639b5482-f17f-4413-b426-cdec985e44a1/4ed75aa07855f1bf95808be57da74698.jpg,r2://ppp-media/covers/episode/639b5482-f17f-4413-b426-cdec985e44a1/4ed75aa07855f1bf95808be57da74698.jpg
episode,3411e8a2-e5b2-402c-b812-5ffc59cb7642,cover_path,b6d5f77e699e444ba31ae1b4cb15feb4_8908fe88b25341219b69959746bf3726_Twinless_film_poster-square.jpg,r2://ppp-media/covers/episode/3411e8a2-e5b2-402c-b812-5ffc59cb7642/a30d8284e031c35a6202cad449e01268.jpg
episode,bba2bdbf-eff4-4493-84b1-3464ff471717,cover_path,r2://ppp-media/covers/episode/bba2bdbf-eff4-4493-84b1-3464ff471717/72387d7b4369c089ef90003a376d4b3d.jpg,r2://ppp-media/covers/episode/bba2bdbf-eff4-4493-84b1-3464ff471717/72387d7b4369c089ef90003a376d4b3d.jpg
episode,6b197279-683b-4221-ae14-90af974c040d,cover_path,r2://ppp-media/covers/episode/6b197279-683b-4221-ae14-90af974c040d/fa32894120752359981c7a95db287fa4.jpg,r2://ppp-media/covers/episode/6b197279-683b-4221-ae14-90af974c040d/fa32894120752359981c7a95db287fa4.jpg
episode,89f84b6b-1d81-4f5d-a40a-17c6c8231d41,cover_path,r2://ppp-media/covers/episode/89f84b6b-1d81-4f5d-a40a-17c6c8231d41/77066341c0fb497f2dd385812c2cf45d.jpg,r2://ppp-media/covers/episode/89f84b6b-1d81-4f5d-a40a-17c6c8231d41/77066341c0fb497f2dd385812c2cf45d.jpg
episode,a6e081a8-2e2b-4bc8-bb38-be89e21e238a,cover_path,r2://ppp-media/covers/episode/a6e081a8-2e2b-4bc8-bb38-be89e21e238a/d50d0fb06fda4448d0697219150fe373.jpg,r2://ppp-media/covers/episode/a6e081a8-2e2b-4bc8-bb38-be89e21e238a/d50d0fb06fda4448d0697219150fe373.jpg
episode,70ee7a3b-c1d0-423b-8cfb-ec869639c285,cover_path,r2://ppp-media/covers/episode/70ee7a3b-c1d0-423b-8cfb-ec869639c285/3e41c4158214f0131337bf400b554bb5.jpg,r2://ppp-media/covers/episode/70ee7a3b-c1d0-423b-8cfb-ec869639c285/3e41c4158214f0131337bf400b554bb5.jpg
episode,b14559e7-2b60-491c-a7ea-cec03ecb95d7,cover_path,r2://ppp-media/covers/episode/b14559e7-2b60-491c-a7ea-cec03ecb95d7/7e8f0d57be9ff080bcc339670d1c76fc.jpg,r2://ppp-media/covers/episode/b14559e7-2b60-491c-a7ea-cec03ecb95d7/7e8f0d57be9ff080bcc339670d1c76fc.jpg
episode,4094c83f-fa0c-41be-a186-2596fe3164c1,cover_path,r2://ppp-media/covers/episode/4094c83f-fa0c-41be-a186-2596fe3164c1/179ce31463530ec40733d12dd8949350.jpg,r2://ppp-media/covers/episode/4094c83f-fa0c-41be-a186-2596fe3164c1/179ce31463530ec40733d12dd8949350.jpg
episode,4898432a-057a-4a21-be73-1308798e3247,cover_path,r2://ppp-media/covers/episode/4898432a-057a-4a21-be73-1308798e3247/5b52b1118185c251b2c0142a9338e37f.jpg,r2://ppp-media/covers/episode/4898432a-057a-4a21-be73-1308798e3247/5b52b1118185c251b2c0142a9338e37f.jpg
episode,7f308c4f-3930-43fa-94aa-57d810bf7076,cover_path,r2://ppp-media/covers/episode/7f308c4f-3930-43fa-94aa-57d810bf7076/13023695d143fc05f5d3c98c6e46db80.jpg,r2://ppp-media/covers/episode/7f308c4f-3930-43fa-94aa-57d810bf7076/13023695d143fc05f5d3c98c6e46db80.jpg
episode,5d8efd0b-54c1-4d21-92dd-b742fe151d53,cover_path,b6d5f77e699e444ba31ae1b4cb15feb4_c9cb3a7ef3fc464aac0f6051715d494b_my-mothers-wedding-movie-poster-062025-a5e7f7d62a87462d908c7793cc4017f4-square.jpg,r2://ppp-media/covers/episode/5d8efd0b-54c1-4d21-92dd-b742fe151d53/b1b7befff5389b7eb6b8cb547be979bd.jpg
episode,217d45fe-d5c9-4c05-89b3-a1a7c04720ec,cover_path,r2://ppp-media/covers/episode/217d45fe-d5c9-4c05-89b3-a1a7c04720ec/0264bf42a6ebd4e06741cbe725629441.jpg,r2://ppp-media/covers/episode/217d45fe-d5c9-4c05-89b3-a1a7c04720ec/0264bf42a6ebd4e06741cbe725629441.jpg
episode,c033ab2e-49a4-423a-9354-85a89f46450e,cover_path,r2://ppp-media/covers/episode/c033ab2e-49a4-423a-9354-85a89f46450e/c0b96d92c9876a12bfa010cb62373ab1.jpg,r2://ppp-media/covers/episode/c033ab2e-49a4-423a-9354-85a89f46450e/c0b96d92c9876a12bfa010cb62373ab1.jpg
episode,070b8922-93ce-42f9-9b35-f7a374c9cb51,cover_path,r2://ppp-media/covers/episode/070b8922-93ce-42f9-9b35-f7a374c9cb51/d7abbdd92efd8fc484c026c3f8bac324.jpg,r2://ppp-media/covers/episode/070b8922-93ce-42f9-9b35-f7a374c9cb51/d7abbdd92efd8fc484c026c3f8bac324.jpg
episode,a23a720e-a563-4b20-b1d2-c630ed398a15,cover_path,r2://ppp-media/covers/episode/a23a720e-a563-4b20-b1d2-c630ed398a15/8ab528741c781a1c0ed1fa5fce49fe3d.jpg,r2://ppp-media/covers/episode/a23a720e-a563-4b20-b1d2-c630ed398a15/8ab528741c781a1c0ed1fa5fce49fe3d.jpg
episode,5349e70c-e003-4e26-a617-e2f9e029d9f8,cover_path,r2://ppp-media/covers/episode/5349e70c-e003-4e26-a617-e2f9e029d9f8/34cbda044c9cf285676039b3b06844eb.jpg,r2://ppp-media/covers/episode/5349e70c-e003-4e26-a617-e2f9e029d9f8/34cbda044c9cf285676039b3b06844eb.jpg
episode,14f180a8-86fa-4974-898e-9c7c4dd88b8f,cover_path,r2://ppp-media/covers/episode/14f180a8-86fa-4974-898e-9c7c4dd88b8f/065063db387731b03d59864b3d5b9543.jpg,r2://ppp-media/covers/episode/14f180a8-86fa-4974-898e-9c7c4dd88b8f/065063db387731b03d59864b3d5b9543.jpg
episode,46c49818-9e7d-424d-9117-8e12ffb60dab,cover_path,r2://ppp-media/covers/episode/46c49818-9e7d-424d-9117-8e12ffb60dab/fd2aa0ab47c4f8637c3b0828328c588f.jpg,r2://ppp-media/covers/episode/46c49818-9e7d-424d-9117-8e12ffb60dab/fd2aa0ab47c4f8637c3b0828328c588f.jpg
episode,b644ac0f-3ff2-45ac-9de4-d6183c171434,cover_path,r2://ppp-media/covers/episode/b644ac0f-3ff2-45ac-9de4-d6183c171434/b0ca6c2adc5ac5edf5f857ed71d79ae2.jpg,r2://ppp-media/covers/episode/b644ac0f-3ff2-45ac-9de4-d6183c171434/b0ca6c2adc5ac5edf5f857ed71d79ae2.jpg
episode,6c57c8a3-bbb1-4018-8518-72c060ad0ecd,cover_path,r2://ppp-media/covers/episode/6c57c8a3-bbb1-4018-8518-72c060ad0ecd/8d2e255519d202ea90dd498d2c469dd7.jpg,r2://ppp-media/covers/episode/6c57c8a3-bbb1-4018-8518-72c060ad0ecd/8d2e255519d202ea90dd498d2c469dd7.jpg
episode,4ea69559-f669-4252-b806-6af13fdd86fa,cover_path,r2://ppp-media/covers/episode/4ea69559-f669-4252-b806-6af13fdd86fa/d29b6fa6f98f52563ff0aaf07ae05094.jpg,r2://ppp-media/covers/episode/4ea69559-f669-4252-b806-6af13fdd86fa/d29b6fa6f98f52563ff0aaf07ae05094.jpg
episode,107ff050-b429-45ab-a10f-ad326680b05d,cover_path,r2://ppp-media/covers/episode/107ff050-b429-45ab-a10f-ad326680b05d/50f7db4473689b3e1d7332a93f39b5c4.jpg,r2://ppp-media/covers/episode/107ff050-b429-45ab-a10f-ad326680b05d/50f7db4473689b3e1d7332a93f39b5c4.jpg
episode,484b2d4c-a0a1-4a55-95ca-d2626138c0fd,cover_path,r2://ppp-media/covers/episode/484b2d4c-a0a1-4a55-95ca-d2626138c0fd/a0c1071c1f485f623a246437c9dbc5bf.jpg,r2://ppp-media/covers/episode/484b2d4c-a0a1-4a55-95ca-d2626138c0fd/a0c1071c1f485f623a246437c9dbc5bf.jpg
episode,822ca318-82f5-4bd4-8273-f1112d4df8a0,cover_path,r2://ppp-media/covers/episode/822ca318-82f5-4bd4-8273-f1112d4df8a0/c790e38f0ec2d2d176d33d2604eefa53.jpg,r2://ppp-media/covers/episode/822ca318-82f5-4bd4-8273-f1112d4df8a0/c790e38f0ec2d2d176d33d2604eefa53.jpg
episode,251d6036-623f-472d-9b5b-5a773f834f80,cover_path,r2://ppp-media/covers/episode/251d6036-623f-472d-9b5b-5a773f834f80/75155bbbbbcd3ee27fc3497a7269a927.jpg,r2://ppp-media/covers/episode/251d6036-623f-472d-9b5b-5a773f834f80/75155bbbbbcd3ee27fc3497a7269a927.jpg
episode,d0b450e1-6499-48b2-9fac-3b029a5ba3a8,cover_path,r2://ppp-media/covers/episode/d0b450e1-6499-48b2-9fac-3b029a5ba3a8/e3e386e998079712acf5be0257220acb.jpg,r2://ppp-media/covers/episode/d0b450e1-6499-48b2-9fac-3b029a5ba3a8/e3e386e998079712acf5be0257220acb.jpg
episode,2c4ada4f-80f2-4581-aab5-e45c724960d8,cover_path,r2://ppp-media/covers/episode/2c4ada4f-80f2-4581-aab5-e45c724960d8/30a9e3a7d03f1a3aa979b3b651ac2218.jpg,r2://ppp-media/covers/episode/2c4ada4f-80f2-4581-aab5-e45c724960d8/30a9e3a7d03f1a3aa979b3b651ac2218.jpg
episode,6674ea61-da20-47ff-84df-64c3e5578cfd,cover_path,r2://ppp-media/covers/episode/6674ea61-da20-47ff-84df-64c3e5578cfd/ee25ffdc17a5222b47757a5360e9d3df.jpg,r2://ppp-media/covers/episode/6674ea61-da20-47ff-84df-64c3e5578cfd/ee25ffdc17a5222b47757a5360e9d3df.jpg
episode,1fa1128c-4bd3-4f64-a949-fdd8e7680714,cover_path,r2://ppp-media/covers/episode/1fa1128c-4bd3-4f64-a949-fdd8e7680714/2753879cdc29e1afc64b6d9aaab2d138.jpg,r2://ppp-media/covers/episode/1fa1128c-4bd3-4f64-a949-fdd8e7680714/2753879cdc29e1afc64b6d9aaab2d138.jpg
episode,b9db1d02-d6a4-4d6d-99f3-544ff8f041f7,cover_path,r2://ppp-media/covers/episode/b9db1d02-d6a4-4d6d-99f3-544ff8f041f7/d53811029b093c70a536acf7da201b43.jpg,r2://ppp-media/covers/episode/b9db1d02-d6a4-4d6d-99f3-544ff8f041f7/d53811029b093c70a536acf7da201b43.jpg
episode,c96c900a-0f5e-44ef-9863-fe555b51ed56,cover_path,r2://ppp-media/covers/episode/c96c900a-0f5e-44ef-9863-fe555b51ed56/5e72b1f6bcf178543bbe9af2c88c4833.jpg,r2://ppp-media/covers/episode/c96c900a-0f5e-44ef-9863-fe555b51ed56/5e72b1f6bcf178543bbe9af2c88c4833.jpg
episode,b71ba0ac-8a05-45db-85ea-b4e15d1b0496,cover_path,r2://ppp-media/covers/episode/b71ba0ac-8a05-45db-85ea-b4e15d1b0496/4314b9d4791ca59edd83864a924095a4.jpg,r2://ppp-media/covers/episode/b71ba0ac-8a05-45db-85ea-b4e15d1b0496/4314b9d4791ca59edd83864a924095a4.jpg
episode,f382e662-fd80-48e4-9ec0-a65388f472a8,cover_path,r2://ppp-media/covers/episode/f382e662-fd80-48e4-9ec0-a65388f472a8/04a2b7a42727dd28646d06a3f6b39b2c.jpg,r2://ppp-media/covers/episode/f382e662-fd80-48e4-9ec0-a65388f472a8/04a2b7a42727dd28646d06a3f6b39b2c.jpg
episode,8c51eee2-ee5e-4b7e-adb9-85db43e47f14,cover_path,r2://ppp-media/covers/episode/8c51eee2-ee5e-4b7e-adb9-85db43e47f14/35b29ad119ed0a4df7654019a28f1ebc.jpg,r2://ppp-media/covers/episode/8c51eee2-ee5e-4b7e-adb9-85db43e47f14/35b29ad119ed0a4df7654019a28f1ebc.jpg
episode,c30f1461-b06c-4087-b2c3-cc70a2b1c8cd,cover_path,r2://ppp-media/covers/episode/c30f1461-b06c-4087-b2c3-cc70a2b1c8cd/2b13ded691ccfd5039454cffdee6910b.jpg,r2://ppp-media/covers/episode/c30f1461-b06c-4087-b2c3-cc70a2b1c8cd/2b13ded691ccfd5039454cffdee6910b.jpg
episode,98467736-b7f9-47ea-bd8a-6cc9624ead9a,cover_path,r2://ppp-media/covers/episode/98467736-b7f9-47ea-bd8a-6cc9624ead9a/88ff3835b357710f3abb3d38d8c4eff3.jpg,r2://ppp-media/covers/episode/98467736-b7f9-47ea-bd8a-6cc9624ead9a/88ff3835b357710f3abb3d38d8c4eff3.jpg
episode,3b1c30ec-c6c9-422a-8651-30c91712cedc,cover_path,r2://ppp-media/covers/episode/3b1c30ec-c6c9-422a-8651-30c91712cedc/72df946eb9c0efad1b9b671a560aa71c.jpg,r2://ppp-media/covers/episode/3b1c30ec-c6c9-422a-8651-30c91712cedc/72df946eb9c0efad1b9b671a560aa71c.jpg
episode,c9bbc3f2-3bbb-4fd0-a4f4-f45383381296,cover_path,r2://ppp-media/covers/episode/c9bbc3f2-3bbb-4fd0-a4f4-f45383381296/a76fbe15ad71b25490dd2d0f52764efd.jpg,r2://ppp-media/covers/episode/c9bbc3f2-3bbb-4fd0-a4f4-f45383381296/a76fbe15ad71b25490dd2d0f52764efd.jpg
episode,1c3b9b02-2b75-44fa-a9c3-80f4283f63ed,cover_path,r2://ppp-media/covers/episode/1c3b9b02-2b75-44fa-a9c3-80f4283f63ed/6e6e42e2c7efb61f71c3b42142d50198.jpg,r2://ppp-media/covers/episode/1c3b9b02-2b75-44fa-a9c3-80f4283f63ed/6e6e42e2c7efb61f71c3b42142d50198.jpg
episode,cd554fca-8789-44fd-b283-b9255b277abd,cover_path,r2://ppp-media/covers/episode/cd554fca-8789-44fd-b283-b9255b277abd/01d21b56bda5e73352ab2be01451737e.jpg,r2://ppp-media/covers/episode/cd554fca-8789-44fd-b283-b9255b277abd/01d21b56bda5e73352ab2be01451737e.jpg
episode,1f6461d5-beb3-4044-aac1-ba7e43a820b7,cover_path,r2://ppp-media/covers/episode/1f6461d5-beb3-4044-aac1-ba7e43a820b7/bc92102e780c0522ea6a9620c3cd4fcb.jpg,r2://ppp-media/covers/episode/1f6461d5-beb3-4044-aac1-ba7e43a820b7/bc92102e780c0522ea6a9620c3cd4fcb.jpg
episode,3d36ee23-a1a3-4046-9bd8-213641df4d7c,cover_path,r2://ppp-media/covers/episode/3d36ee23-a1a3-4046-9bd8-213641df4d7c/526e5c9d82ecef108408d1b4f6c1b894.jpg,r2://ppp-media/covers/episode/3d36ee23-a1a3-4046-9bd8-213641df4d7c/526e5c9d82ecef108408d1b4f6c1b894.jpg
episode,84c80d9a-6b59-4c18-98de-55b6ef265090,cover_path,r2://ppp-media/covers/episode/84c80d9a-6b59-4c18-98de-55b6ef265090/22ef9cee93bbd248706c4f7bcc696e0f.jpg,r2://ppp-media/covers/episode/84c80d9a-6b59-4c18-98de-55b6ef265090/22ef9cee93bbd248706c4f7bcc696e0f.jpg
episode,08ba2ee9-eee4-43a8-9add-b5f753f1bc88,cover_path,r2://ppp-media/covers/episode/08ba2ee9-eee4-43a8-9add-b5f753f1bc88/247d6e734407c6530a8c9e9bfe855cf9.jpg,r2://ppp-media/covers/episode/08ba2ee9-eee4-43a8-9add-b5f753f1bc88/247d6e734407c6530a8c9e9bfe855cf9.jpg
episode,c32b81cd-88fc-48cd-a1b0-c0e291ef8256,cover_path,r2://ppp-media/covers/episode/c32b81cd-88fc-48cd-a1b0-c0e291ef8256/093aa5140f6591bfde2bc30699ef8618.jpg,r2://ppp-media/covers/episode/c32b81cd-88fc-48cd-a1b0-c0e291ef8256/093aa5140f6591bfde2bc30699ef8618.jpg
episode,872b1872-31eb-437a-87c6-0c8ecb631d63,cover_path,r2://ppp-media/covers/episode/872b1872-31eb-437a-87c6-0c8ecb631d63/28fcc1de6fc81934eff56bc4e0f9a480.jpg,r2://ppp-media/covers/episode/872b1872-31eb-437a-87c6-0c8ecb631d63/28fcc1de6fc81934eff56bc4e0f9a480.jpg
episode,862c2348-0f97-4ee4-bc24-1b52ff22edd0,cover_path,r2://ppp-media/covers/episode/862c2348-0f97-4ee4-bc24-1b52ff22edd0/575d69a92a2a1b0b0ccc8e0961b37a3b.jpg,r2://ppp-media/covers/episode/862c2348-0f97-4ee4-bc24-1b52ff22edd0/575d69a92a2a1b0b0ccc8e0961b37a3b.jpg
episode,a629b540-10c4-4490-98d6-c7e88796590d,cover_path,r2://ppp-media/covers/episode/a629b540-10c4-4490-98d6-c7e88796590d/12c1765dcf54ae121378b79d4d0a3c7e.jpg,r2://ppp-media/covers/episode/a629b540-10c4-4490-98d6-c7e88796590d/12c1765dcf54ae121378b79d4d0a3c7e.jpg
episode,237a2428-1b97-463f-8634-810b9f1ed838,cover_path,r2://ppp-media/covers/episode/237a2428-1b97-463f-8634-810b9f1ed838/d0cbc77638e753fd6ae76243e242e985.jpg,r2://ppp-media/covers/episode/237a2428-1b97-463f-8634-810b9f1ed838/d0cbc77638e753fd6ae76243e242e985.jpg
episode,255723f8-0f1b-4f7b-a4c9-020869e6ec89,cover_path,r2://ppp-media/covers/episode/255723f8-0f1b-4f7b-a4c9-020869e6ec89/b40dffe7a6d7a59946934a8db854f539.jpg,r2://ppp-media/covers/episode/255723f8-0f1b-4f7b-a4c9-020869e6ec89/b40dffe7a6d7a59946934a8db854f539.jpg
episode,1932e266-8094-41ea-b9e5-ad20b8dd0f0a,cover_path,r2://ppp-media/covers/episode/1932e266-8094-41ea-b9e5-ad20b8dd0f0a/a026a26465f42d2547cc783e02d1be96.jpg,r2://ppp-media/covers/episode/1932e266-8094-41ea-b9e5-ad20b8dd0f0a/a026a26465f42d2547cc783e02d1be96.jpg
episode,8ce5745d-319d-4b34-b680-72607cc8e69d,cover_path,r2://ppp-media/covers/episode/8ce5745d-319d-4b34-b680-72607cc8e69d/fd3c816ca5834d0e8316cd8e801a5b7b.jpg,r2://ppp-media/covers/episode/8ce5745d-319d-4b34-b680-72607cc8e69d/fd3c816ca5834d0e8316cd8e801a5b7b.jpg
episode,8fbc56eb-c90f-4db7-a335-d26137a5bac7,cover_path,r2://ppp-media/covers/episode/8fbc56eb-c90f-4db7-a335-d26137a5bac7/1671cb6e5da30de6b6f9524b19418399.jpg,r2://ppp-media/covers/episode/8fbc56eb-c90f-4db7-a335-d26137a5bac7/1671cb6e5da30de6b6f9524b19418399.jpg
episode,3b9b62ef-3b16-4568-9433-cea85395d221,cover_path,r2://ppp-media/covers/episode/3b9b62ef-3b16-4568-9433-cea85395d221/dc63e8784eb6e1e55f7433aa54ceb216.jpg,r2://ppp-media/covers/episode/3b9b62ef-3b16-4568-9433-cea85395d221/dc63e8784eb6e1e55f7433aa54ceb216.jpg
episode,ecd9fef1-50fb-44b0-bc19-1567798cb58f,cover_path,r2://ppp-media/covers/episode/ecd9fef1-50fb-44b0-bc19-1567798cb58f/747355644edee01b8ae5e242d14da93c.jpg,r2://ppp-media/covers/episode/ecd9fef1-50fb-44b0-bc19-1567798cb58f/747355644edee01b8ae5e242d14da93c.jpg
episode,a4b65fb4-732d-4948-b917-d12c7cc93ff6,cover_path,r2://ppp-media/covers/episode/a4b65fb4-732d-4948-b917-d12c7cc93ff6/04daee385891b4237927937166de8bd0.jpg,r2://ppp-media/covers/episode/a4b65fb4-732d-4948-b917-d12c7cc93ff6/04daee385891b4237927937166de8bd0.jpg
episode,38600227-3449-4beb-ab04-bb28042a745e,cover_path,r2://ppp-media/covers/episode/38600227-3449-4beb-ab04-bb28042a745e/9c4096f8733ad885ea1e136ad2f8154b.jpg,r2://ppp-media/covers/episode/38600227-3449-4beb-ab04-bb28042a745e/9c4096f8733ad885ea1e136ad2f8154b.jpg
episode,ad36ab0a-a5bb-43e5-947b-9a36eba641ed,cover_path,r2://ppp-media/covers/episode/ad36ab0a-a5bb-43e5-947b-9a36eba641ed/9cf50aded15968d46ce8a326335b1ed4.jpg,r2://ppp-media/covers/episode/ad36ab0a-a5bb-43e5-947b-9a36eba641ed/9cf50aded15968d46ce8a326335b1ed4.jpg
episode,5e7388f1-bf97-4b17-9a6b-6e7fda3dea77,cover_path,r2://ppp-media/covers/episode/5e7388f1-bf97-4b17-9a6b-6e7fda3dea77/e7beb128db6a58d6936a0ecd3cfcd5f4.jpg,r2://ppp-media/covers/episode/5e7388f1-bf97-4b17-9a6b-6e7fda3dea77/e7beb128db6a58d6936a0ecd3cfcd5f4.jpg
episode,a29bcd47-3efa-4a22-a29b-316b0fedd4c4,cover_path,r2://ppp-media/covers/episode/a29bcd47-3efa-4a22-a29b-316b0fedd4c4/2abc7d1e517c13be1d5cb35d9aa82795.jpg,r2://ppp-media/covers/episode/a29bcd47-3efa-4a22-a29b-316b0fedd4c4/2abc7d1e517c13be1d5cb35d9aa82795.jpg
episode,70aa37f1-3f29-42a4-8daf-28a43e262423,cover_path,r2://ppp-media/covers/episode/70aa37f1-3f29-42a4-8daf-28a43e262423/d08a49e8b65ef134439553151f2479e5.jpg,r2://ppp-media/covers/episode/70aa37f1-3f29-42a4-8daf-28a43e262423/d08a49e8b65ef134439553151f2479e5.jpg
episode,a585d531-10b5-4074-b616-71fb0151d597,cover_path,r2://ppp-media/covers/episode/a585d531-10b5-4074-b616-71fb0151d597/2e6062d57036360279d148261bbc2260.jpg,r2://ppp-media/covers/episode/a585d531-10b5-4074-b616-71fb0151d597/2e6062d57036360279d148261bbc2260.jpg
episode,c5236cef-7826-4eff-bf4f-ce772b944678,cover_path,r2://ppp-media/covers/episode/c5236cef-7826-4eff-bf4f-ce772b944678/fcd0535fa3ebf0f81c1be6cd776484ad.jpg,r2://ppp-media/covers/episode/c5236cef-7826-4eff-bf4f-ce772b944678/fcd0535fa3ebf0f81c1be6cd776484ad.jpg
episode,c73d95e7-1f8b-46cd-8d44-ddb27f7c3279,cover_path,r2://ppp-media/covers/episode/c73d95e7-1f8b-46cd-8d44-ddb27f7c3279/edc1ce31d98bf691e42975b84a9e3be6.jpg,r2://ppp-media/covers/episode/c73d95e7-1f8b-46cd-8d44-ddb27f7c3279/edc1ce31d98bf691e42975b84a9e3be6.jpg
episode,d03f5552-baa0-4476-a13f-83c3ccef913b,cover_path,r2://ppp-media/covers/episode/d03f5552-baa0-4476-a13f-83c3ccef913b/6ed88da18f6c5aa2f83087366e646a28.jpg,r2://ppp-media/covers/episode/d03f5552-baa0-4476-a13f-83c3ccef913b/6ed88da18f6c5aa2f83087366e646a28.jpg
episode,b5e7f840-a8b8-4755-b960-49e3d6aacb22,cover_path,r2://ppp-media/covers/episode/b5e7f840-a8b8-4755-b960-49e3d6aacb22/4278d98f582831d36b83180e166108af.jpg,r2://ppp-media/covers/episode/b5e7f840-a8b8-4755-b960-49e3d6aacb22/4278d98f582831d36b83180e166108af.jpg
episode,d2be9098-4193-4603-9c7f-5877c156495d,cover_path,r2://ppp-media/covers/episode/d2be9098-4193-4603-9c7f-5877c156495d/571ae1771e3d54174babb77fd1aaf427.jpg,r2://ppp-media/covers/episode/d2be9098-4193-4603-9c7f-5877c156495d/571ae1771e3d54174babb77fd1aaf427.jpg
episode,d4175bef-736e-4812-8183-648006f01c14,cover_path,r2://ppp-media/covers/episode/d4175bef-736e-4812-8183-648006f01c14/abb55cac08d443a7b5d21ae3be2e38fb.jpg,r2://ppp-media/covers/episode/d4175bef-736e-4812-8183-648006f01c14/abb55cac08d443a7b5d21ae3be2e38fb.jpg
episode,6fed9ff9-9178-404f-9408-cb8fd989412b,cover_path,r2://ppp-media/covers/episode/6fed9ff9-9178-404f-9408-cb8fd989412b/56171ead88b2c4616f96f981ef4ffcd7.jpg,r2://ppp-media/covers/episode/6fed9ff9-9178-404f-9408-cb8fd989412b/56171ead88b2c4616f96f981ef4ffcd7.jpg
episode,d8a0af40-45bb-4caa-ab1a-bcf3018cf1e1,cover_path,r2://ppp-media/covers/episode/d8a0af40-45bb-4caa-ab1a-bcf3018cf1e1/119b4b1f7b737c29efa310b784259037.jpg,r2://ppp-media/covers/episode/d8a0af40-45bb-4caa-ab1a-bcf3018cf1e1/119b4b1f7b737c29efa310b784259037.jpg
episode,bf70ba91-1d36-4fa2-abb9-df1399fe9e98,cover_path,r2://ppp-media/covers/episode/bf70ba91-1d36-4fa2-abb9-df1399fe9e98/5a564814aaf40698d207d17b345f8d7a.jpg,r2://ppp-media/covers/episode/bf70ba91-1d36-4fa2-abb9-df1399fe9e98/5a564814aaf40698d207d17b345f8d7a.jpg
episode,deaf7b4d-a447-40a3-9317-e74356b5765c,cover_path,r2://ppp-media/covers/episode/deaf7b4d-a447-40a3-9317-e74356b5765c/f622db70960301028edf9873b0ac2c4e.jpg,r2://ppp-media/covers/episode/deaf7b4d-a447-40a3-9317-e74356b5765c/f622db70960301028edf9873b0ac2c4e.jpg
episode,df3f9a1a-d35a-4974-978b-1e9d86d31e13,cover_path,r2://ppp-media/covers/episode/df3f9a1a-d35a-4974-978b-1e9d86d31e13/9530d667be312b3d2c7e012825f7e9b5.jpg,r2://ppp-media/covers/episode/df3f9a1a-d35a-4974-978b-1e9d86d31e13/9530d667be312b3d2c7e012825f7e9b5.jpg
episode,90817971-050f-4507-a354-26fa8630a087,cover_path,r2://ppp-media/covers/episode/90817971-050f-4507-a354-26fa8630a087/6064115d19f79f596c0d22409346788f.jpg,r2://ppp-media/covers/episode/90817971-050f-4507-a354-26fa8630a087/6064115d19f79f596c0d22409346788f.jpg
episode,ca7faa7b-9544-436c-9df5-69f616612fff,cover_path,r2://ppp-media/covers/episode/ca7faa7b-9544-436c-9df5-69f616612fff/32a938076fe7ee0676d9764ada0a9926.jpg,r2://ppp-media/covers/episode/ca7faa7b-9544-436c-9df5-69f616612fff/32a938076fe7ee0676d9764ada0a9926.jpg
episode,e372b3e9-876b-49fe-8f95-bb1f0ef02915,cover_path,r2://ppp-media/covers/episode/e372b3e9-876b-49fe-8f95-bb1f0ef02915/4d5c0ac64f99860db4b0c61b5b2afc4b.jpg,r2://ppp-media/covers/episode/e372b3e9-876b-49fe-8f95-bb1f0ef02915/4d5c0ac64f99860db4b0c61b5b2afc4b.jpg
episode,ede26f36-6211-4f79-8c88-fa9abec7838b,cover_path,r2://ppp-media/covers/episode/ede26f36-6211-4f79-8c88-fa9abec7838b/1ba6b31ed485db81e25052272d32c778.jpg,r2://ppp-media/covers/episode/ede26f36-6211-4f79-8c88-fa9abec7838b/1ba6b31ed485db81e25052272d32c778.jpg
episode,d3fcc341-c658-4f1d-916a-e72e01dbcc90,cover_path,r2://ppp-media/covers/episode/d3fcc341-c658-4f1d-916a-e72e01dbcc90/1465bad516f2a473d6ea3292f8aa69c3.jpg,r2://ppp-media/covers/episode/d3fcc341-c658-4f1d-916a-e72e01dbcc90/1465bad516f2a473d6ea3292f8aa69c3.jpg
episode,fd20976c-0a58-4c4b-98ef-660ec283de80,cover_path,r2://ppp-media/covers/episode/fd20976c-0a58-4c4b-98ef-660ec283de80/f3c46fdd74f8fa24fac06e604e534373.jpg,r2://ppp-media/covers/episode/fd20976c-0a58-4c4b-98ef-660ec283de80/f3c46fdd74f8fa24fac06e604e534373.jpg
episode,3abed0f4-e8a7-4f4f-927d-20862de44f85,cover_path,r2://ppp-media/covers/episode/3abed0f4-e8a7-4f4f-927d-20862de44f85/a3884d666adf91a7f3cebd34c8e47303.jpg,r2://ppp-media/covers/episode/3abed0f4-e8a7-4f4f-927d-20862de44f85/a3884d666adf91a7f3cebd34c8e47303.jpg
episode,ff616bd8-7ea0-4d64-8f81-942695b0e9e4,cover_path,r2://ppp-media/covers/episode/ff616bd8-7ea0-4d64-8f81-942695b0e9e4/a8e830339ce04da2eb5866396691d506.jpg,r2://ppp-media/covers/episode/ff616bd8-7ea0-4d64-8f81-942695b0e9e4/a8e830339ce04da2eb5866396691d506.jpg
episode,aad3e278-4b3e-46c6-9d88-0b17cefe474d,cover_path,r2://ppp-media/covers/episode/aad3e278-4b3e-46c6-9d88-0b17cefe474d/b85f957ee3de1dd577e88c021cb3a214.jpg,r2://ppp-media/covers/episode/aad3e278-4b3e-46c6-9d88-0b17cefe474d/b85f957ee3de1dd577e88c021cb3a214.jpg
episode,3bb1d35d-70d4-4c5d-af69-ad0c84d1a942,cover_path,r2://ppp-media/covers/episode/3bb1d35d-70d4-4c5d-af69-ad0c84d1a942/b0084e3618daceaa32d45b855b758b47.jpg,r2://ppp-media/covers/episode/3bb1d35d-70d4-4c5d-af69-ad0c84d1a942/b0084e3618daceaa32d45b855b758b47.jpg
episode,cf37c4a2-e076-4383-a23d-8bf7b32c452f,cover_path,r2://ppp-media/covers/episode/cf37c4a2-e076-4383-a23d-8bf7b32c452f/7a4554baf1c12df51245f2dc186f899d.jpg,r2://ppp-media/covers/episode/cf37c4a2-e076-4383-a23d-8bf7b32c452f/7a4554baf1c12df51245f2dc186f899d.jpg
episode,de638ebb-a1e4-4bcd-a407-83f7792d210a,cover_path,r2://ppp-media/covers/episode/de638ebb-a1e4-4bcd-a407-83f7792d210a/82a909e51816ca404f321ff2b90aac9d.jpg,r2://ppp-media/covers/episode/de638ebb-a1e4-4bcd-a407-83f7792d210a/82a909e51816ca404f321ff2b90aac9d.jpg
episode,1179cc39-15db-4b27-9e06-af1ec7e75de7,cover_path,https://d3wo5wojvuv7l.cloudfront.net/t_square_limited_160/images.spreaker.com/original/2bb7b2d3ed6031ad2df0c8a56517d08a.jpg,r2://ppp-media/covers/episode/1179cc39-15db-4b27-9e06-af1ec7e75de7/2bb7b2d3ed6031ad2df0c8a56517d08a.jpg
episode,9cee4426-e2ba-4dc1-ab3d-a119cb2cb654,cover_path,r2://ppp-media/covers/episode/9cee4426-e2ba-4dc1-ab3d-a119cb2cb654/8d83f096037de4b8bcc1097b9dacb8e4.jpg,r2://ppp-media/covers/episode/9cee4426-e2ba-4dc1-ab3d-a119cb2cb654/8d83f096037de4b8bcc1097b9dacb8e4.jpg
episode,7168814b-15ef-42ae-b276-3b71bf674aa4,cover_path,r2://ppp-media/covers/episode/7168814b-15ef-42ae-b276-3b71bf674aa4/d13e75dc4d95cbb9996532c398222ffb.jpg,r2://ppp-media/covers/episode/7168814b-15ef-42ae-b276-3b71bf674aa4/d13e75dc4d95cbb9996532c398222ffb.jpg
episode,c488e0dd-1948-4ba7-93eb-b3361d49b373,cover_path,r2://ppp-media/covers/episode/c488e0dd-1948-4ba7-93eb-b3361d49b373/c50dfbcb053b2a70bdf67fd636cb02b5.jpg,r2://ppp-media/covers/episode/c488e0dd-1948-4ba7-93eb-b3361d49b373/c50dfbcb053b2a70bdf67fd636cb02b5.jpg
episode,e144cb16-c375-4751-9abd-c7937f00bcf8,cover_path,r2://ppp-media/covers/episode/e144cb16-c375-4751-9abd-c7937f00bcf8/8815038960133c31ac23355ab4430de9.jpg,r2://ppp-media/covers/episode/e144cb16-c375-4751-9abd-c7937f00bcf8/8815038960133c31ac23355ab4430de9.jpg
episode,5f85acd9-51b1-4c53-9b24-0244f0411bf1,cover_path,r2://ppp-media/covers/episode/5f85acd9-51b1-4c53-9b24-0244f0411bf1/81cedb9024e04d99a8af417866f400f5.jpg,r2://ppp-media/covers/episode/5f85acd9-51b1-4c53-9b24-0244f0411bf1/81cedb9024e04d99a8af417866f400f5.jpg
episode,f643d021-c52c-4a59-bf6c-f76422297d48,cover_path,r2://ppp-media/covers/episode/f643d021-c52c-4a59-bf6c-f76422297d48/529070fbd0c21050a53ec88618f0d094.jpg,r2://ppp-media/covers/episode/f643d021-c52c-4a59-bf6c-f76422297d48/529070fbd0c21050a53ec88618f0d094.jpg
episode,eb3b212d-405c-4dd4-b2be-acbf015f02db,cover_path,r2://ppp-media/covers/episode/eb3b212d-405c-4dd4-b2be-acbf015f02db/e989fc48fdb6028f773cac6df277ee08.jpg,r2://ppp-media/covers/episode/eb3b212d-405c-4dd4-b2be-acbf015f02db/e989fc48fdb6028f773cac6df277ee08.jpg
episode,05209e54-a662-4a89-a58d-15b5c8db8422,cover_path,r2://ppp-media/covers/episode/05209e54-a662-4a89-a58d-15b5c8db8422/87fe29da561ada2763b386399cfa306e.jpg,r2://ppp-media/covers/episode/05209e54-a662-4a89-a58d-15b5c8db8422/87fe29da561ada2763b386399cfa306e.jpg
episode,85d23102-b3e3-48ba-b4a0-a3aeaa293c65,cover_path,r2://ppp-media/covers/episode/85d23102-b3e3-48ba-b4a0-a3aeaa293c65/bb7554a258518a762933f5910a02e3fc.jpg,r2://ppp-media/covers/episode/85d23102-b3e3-48ba-b4a0-a3aeaa293c65/bb7554a258518a762933f5910a02e3fc.jpg
episode,fecdb676-b6c6-4fc8-bf08-394797fbfea7,cover_path,r2://ppp-media/covers/episode/fecdb676-b6c6-4fc8-bf08-394797fbfea7/752d171736b139991a657dd4d00621f2.jpg,r2://ppp-media/covers/episode/fecdb676-b6c6-4fc8-bf08-394797fbfea7/752d171736b139991a657dd4d00621f2.jpg
episode,6dacf6c0-0f1a-4c81-b8a9-bc99c609de6a,cover_path,r2://ppp-media/covers/episode/6dacf6c0-0f1a-4c81-b8a9-bc99c609de6a/6edcee77876c21ef16cbf621ab5dfc19.jpg,r2://ppp-media/covers/episode/6dacf6c0-0f1a-4c81-b8a9-bc99c609de6a/6edcee77876c21ef16cbf621ab5dfc19.jpg
episode,db7314c9-3e0c-4e76-ac76-db8711b07891,cover_path,r2://ppp-media/covers/episode/db7314c9-3e0c-4e76-ac76-db8711b07891/af435076ac52ad116e5a9f85952fac52.jpg,r2://ppp-media/covers/episode/db7314c9-3e0c-4e76-ac76-db8711b07891/af435076ac52ad116e5a9f85952fac52.jpg
episode,f116bd6c-d045-4e41-a336-75ea386a522c,cover_path,r2://ppp-media/covers/episode/f116bd6c-d045-4e41-a336-75ea386a522c/250959787a0fd43acb8854a035358453.jpg,r2://ppp-media/covers/episode/f116bd6c-d045-4e41-a336-75ea386a522c/250959787a0fd43acb8854a035358453.jpg
episode,27f22996-825c-4bfd-8f65-feac51885316,cover_path,r2://ppp-media/covers/episode/27f22996-825c-4bfd-8f65-feac51885316/37efc620dd9f0f5fb648453c4167ff1f.jpg,r2://ppp-media/covers/episode/27f22996-825c-4bfd-8f65-feac51885316/37efc620dd9f0f5fb648453c4167ff1f.jpg
episode,daff8ad2-b8b3-474d-be12-449ff73da700,cover_path,r2://ppp-media/covers/episode/daff8ad2-b8b3-474d-be12-449ff73da700/09fda811af2fdd2557ef7282b6698425.jpg,r2://ppp-media/covers/episode/daff8ad2-b8b3-474d-be12-449ff73da700/09fda811af2fdd2557ef7282b6698425.jpg
episode,332e3fd0-1bda-44ed-9223-93df8f62358f,cover_path,r2://ppp-media/covers/episode/332e3fd0-1bda-44ed-9223-93df8f62358f/780070c4b3a4ad0ba54ea5ad91755cf4.jpg,r2://ppp-media/covers/episode/332e3fd0-1bda-44ed-9223-93df8f62358f/780070c4b3a4ad0ba54ea5ad91755cf4.jpg
episode,f5907cd9-7923-4d5e-a7fd-441a47a4b7ee,cover_path,r2://ppp-media/covers/episode/f5907cd9-7923-4d5e-a7fd-441a47a4b7ee/278299cac5fe414ab86e0adba0c60056.jpg,r2://ppp-media/covers/episode/f5907cd9-7923-4d5e-a7fd-441a47a4b7ee/278299cac5fe414ab86e0adba0c60056.jpg
episode,7825b70d-492c-496c-a023-97da13a0335c,cover_path,r2://ppp-media/covers/episode/7825b70d-492c-496c-a023-97da13a0335c/e2e7ad8995ed9d9555df1e7c96f2c449.jpg,r2://ppp-media/covers/episode/7825b70d-492c-496c-a023-97da13a0335c/e2e7ad8995ed9d9555df1e7c96f2c449.jpg
episode,b6db48ca-b31d-4102-9cf8-82edd442aff6,cover_path,r2://ppp-media/covers/episode/b6db48ca-b31d-4102-9cf8-82edd442aff6/61a8b59cfa3d7952545e44b31b1871b6.jpg,r2://ppp-media/covers/episode/b6db48ca-b31d-4102-9cf8-82edd442aff6/61a8b59cfa3d7952545e44b31b1871b6.jpg
episode,f06151e3-2e45-4df2-bb28-0cce89e266d5,cover_path,r2://ppp-media/covers/episode/f06151e3-2e45-4df2-bb28-0cce89e266d5/1699e9f9335a08316892fee10059ee26.jpg,r2://ppp-media/covers/episode/f06151e3-2e45-4df2-bb28-0cce89e266d5/1699e9f9335a08316892fee10059ee26.jpg
episode,0817d68d-6557-480e-91ac-704fcbe1d26e,cover_path,r2://ppp-media/covers/episode/0817d68d-6557-480e-91ac-704fcbe1d26e/80b2d12da43e9088592f8f7c1f043c59.jpg,r2://ppp-media/covers/episode/0817d68d-6557-480e-91ac-704fcbe1d26e/80b2d12da43e9088592f8f7c1f043c59.jpg
episode,1c56b063-c78d-465e-8c9b-cf07f1c786dd,cover_path,r2://ppp-media/covers/episode/1c56b063-c78d-465e-8c9b-cf07f1c786dd/c9976f35a8a91557a77507561323e52a.jpg,r2://ppp-media/covers/episode/1c56b063-c78d-465e-8c9b-cf07f1c786dd/c9976f35a8a91557a77507561323e52a.jpg
episode,13c32e45-0302-4c69-b074-5be59890eb54,cover_path,r2://ppp-media/covers/episode/13c32e45-0302-4c69-b074-5be59890eb54/630bf461d584df699909392f3f5f5266.jpg,r2://ppp-media/covers/episode/13c32e45-0302-4c69-b074-5be59890eb54/630bf461d584df699909392f3f5f5266.jpg
episode,d993e147-18da-4635-b0e6-bdf62ceb90d5,cover_path,r2://ppp-media/covers/episode/d993e147-18da-4635-b0e6-bdf62ceb90d5/94d7c62dd6938e81467aa48130d31277.jpg,r2://ppp-media/covers/episode/d993e147-18da-4635-b0e6-bdf62ceb90d5/94d7c62dd6938e81467aa48130d31277.jpg
episode,b8283da3-9a6f-4aef-a814-63c32728e758,cover_path,r2://ppp-media/covers/episode/b8283da3-9a6f-4aef-a814-63c32728e758/1a60a6a59307ab2eaee6d2dbfa3d4827.jpg,r2://ppp-media/covers/episode/b8283da3-9a6f-4aef-a814-63c32728e758/1a60a6a59307ab2eaee6d2dbfa3d4827.jpg
episode,4902b034-9eba-4939-814b-b9057415314b,cover_path,r2://ppp-media/covers/episode/4902b034-9eba-4939-814b-b9057415314b/f6d8f440a7ac1ba18e411db17a26c83d.jpg,r2://ppp-media/covers/episode/4902b034-9eba-4939-814b-b9057415314b/f6d8f440a7ac1ba18e411db17a26c83d.jpg
episode,30f91a0c-d3b8-42be-be33-9cef2fcbc1b2,cover_path,r2://ppp-media/covers/episode/30f91a0c-d3b8-42be-be33-9cef2fcbc1b2/9e838485d6df5ea498a859142dc615ea.jpg,r2://ppp-media/covers/episode/30f91a0c-d3b8-42be-be33-9cef2fcbc1b2/9e838485d6df5ea498a859142dc615ea.jpg
